"ST","AIRLINE5179",2010-06-25
"ST","AIRLINE3090",2004-09-13
"SA","AIRLINE19317",2012-06-21
"SA","AIRLINE4305",2006-04-10
"SA","AIRLINE515",2012-06-21
"OW","AIRLINE1680",1999-02-01
"SA","AIRLINE491",2000-03-26
"ST","AIRLINE2009",2000-06-22
"SA","AIRLINE3197",2012-06-21
"SA","AIRLINE2950",2012-06-21
"OW","AIRLINE17881",1999-09-01
"OW","AIRLINE4091",2013-10-30
"OW","AIRLINE2990",2007-04-01
"SA","AIRLINE751",2007-12-12
"ST","AIRLINE2520",2014-03-05
"OW","AIRLINE4349",2014-05-01
"OW","AIRLINE2969",2007-04-01
"OW","AIRLINE3378",2013-02-01
"SA","AIRLINE218",2014-07-03
"ST","AIRLINE1946",2001-03-25
"SA","AIRLINE330",1997-05-14
"SA","AIRLINE1889",2012-06-21
"OW","AIRLINE1829",1999-02-01
"SA","AIRLINE5209",1997-05-14
"ST","AIRLINE1756",2011-09-28
"SA","AIRLINE1224",2012-06-21
"SA","AIRLINE9082",2013-06-18
"SA","AIRLINE4951",2008-04-01
"ST","AIRLINE3490",2012-06-28
"SA","AIRLINE1338",2012-06-21
"SA","AIRLINE3321",1997-05-14
"OW","AIRLINE24",1999-02-01
"OW","AIRLINE3732",2013-02-01
"SA","AIRLINE20881",2012-06-21
"OW","AIRLINE4259",2007-04-01
"OW","AIRLINE2764",2007-04-01
"OW","AIRLINE2778",2021-03-31
"SA","AIRLINE96",2010-06-30
"ST","AIRLINE3163",2000-06-22
"OW","AIRLINE19809",1999-09-01
"VA","AIRLINE1683",2016-05-16
"OW","AIRLINE4738",2021-03-31
"OW","AIRLINE4248",2020-04-01
"UF","AIRLINE4162",2016-01-16
"SA","AIRLINE3830",2003-03-01
"SA","AIRLINE345",1999-05-03
"SA","AIRLINE2143",2008-07-11
"VN","AIRLINE1066",2015-09-21
"ST","AIRLINE412",2012-08-29
"SA","AIRLINE3776",2010-06-30
"UF","AIRLINE2774",2016-01-16
"ST","AIRLINE321",2000-06-22
"SA","AIRLINE2220",2011-12-13
"SA","AIRLINE20288",2014-07-03
"VN","AIRLINE1191",2015-09-21
"SA","AIRLINE569",2014-07-03
"SA","AIRLINE4559",2006-04-01
"VA","AIRLINE3674",2016-05-16
"SA","AIRLINE4319",1997-05-14
"VA","AIRLINE4475",2016-05-16
"ST","AIRLINE5484",2012-11-21
"ST","AIRLINE90",2007-09-04
"VA","AIRLINE2994",2016-05-16
"ST","AIRLINE4609",2011-06-21
"SA","AIRLINE2091",2013-06-18
"ST","AIRLINE1758",2011-06-21
"UF","AIRLINE11850",2016-01-16
"OW","AIRLINE1355",1999-02-01
"SA","AIRLINE4611",2012-11-29
"SA","AIRLINE3322",1997-05-14
"ST","AIRLINE16975",2001-07-27
"ST","AIRLINE130",2006-04-14
"SA","AIRLINE19225",1997-05-14
"OW","AIRLINE327",1999-09-01
"SA","AIRLINE1925",2004-11-18
"SA","AIRLINE3210",2003-10-26
"OW","AIRLINE4529",1999-02-01
"OW","AIRLINE439",2021-03-31
"SA","AIRLINE19930",1997-05-14
"ST","AIRLINE3126",2007-09-04
"ST","AIRLINE5309",2010-06-10
"VA","AIRLINE4936",2016-05-16
"SA","AIRLINE4464",2000-04-01
"OW","AIRLINE2988",2007-04-01
"SA","AIRLINE4940",1997-05-14
"VN","AIRLINE319",2015-09-21
"OW","AIRLINE4329",2010-11-15
"SA","AIRLINE324",1999-10-15
"SA","AIRLINE983",1997-05-14
"UF","AIRLINE12978",2016-01-16
"ST","AIRLINE4533",2012-05-29
"SA","AIRLINE1531",2009-12-09
"OW","AIRLINE2350",1999-09-01
"OW","AIRLINE2822",1999-09-01
"SA","AIRLINE807",1997-05-14
"OW","AIRLINE4177",2020-04-01
"SA","AIRLINE4869",2005-03-14
"OW","AIRLINE1795",1999-02-01
"VN","AIRLINE1057",2015-09-21
"ST","AIRLINE137",2000-06-22
"OW","AIRLINE4089",1999-02-01
"UF","AIRLINE9809",2016-07-27
"OW","AIRLINE3498",2013-02-01
"ST","AIRLINE596",2001-07-27
